{
    "images": [
        {
            "imagefile": "0000.png",
            "location": [
                0.0,
                0.0,
                0.0
            ],
            "rotation": [
                0.0,
                0.0,
                0.0,
                1.0
            ],
            "M3x4": [
                [
                    1.0,
                    0.0,
                    0.0,
                    0.0
                ],
                [
                    0.0,
                    1.0,
                    0.0,
                    0.0
                ],
                [
                    0.0,
                    0.0,
                    1.0,
                    0.0
                ]
            ]
        },
        {
            "imagefile": "0001.png",
            "location": [
                0.20000000298023224,
                0.0,
                0.0
            ],
            "rotation": [
                0.0,
                0.0,
                0.0,
                1.0
            ],
            "M3x4": [
                [
                    1.0,
                    0.0,
                    0.0,
                    -0.20000000298023224
                ],
                [
                    0.0,
                    1.0,
                    0.0,
                    0.0
                ],
                [
                    0.0,
                    0.0,
                    1.0,
                    0.0
                ]
            ]
        },
        {
            "imagefile": "0002.png",
            "location": [
                0.4000000059604645,
                0.0,
                0.0
            ],
            "rotation": [
                0.0,
                0.0,
                0.0,
                1.0
            ],
            "M3x4": [
                [
                    1.0,
                    0.0,
                    0.0,
                    -0.4000000059604645
                ],
                [
                    0.0,
                    1.0,
                    0.0,
                    0.0
                ],
                [
                    0.0,
                    0.0,
                    1.0,
                    0.0
                ]
            ]
        },
        {
            "imagefile": "0003.png",
            "location": [
                0.6000000238418579,
                0.0,
                0.0
            ],
            "rotation": [
                0.0,
                0.0,
                0.0,
                1.0
            ],
            "M3x4": [
                [
                    1.0,
                    0.0,
                    0.0,
                    -0.6000000238418579
                ],
                [
                    0.0,
                    1.0,
                    0.0,
                    0.0
                ],
                [
                    0.0,
                    0.0,
                    1.0,
                    0.0
                ]
            ]
        },
        {
            "imagefile": "0004.png",
            "location": [
                0.800000011920929,
                0.0,
                0.0
            ],
            "rotation": [
                0.0,
                0.0,
                0.0,
                1.0
            ],
            "M3x4": [
                [
                    1.0,
                    0.0,
                    0.0,
                    -0.800000011920929
                ],
                [
                    0.0,
                    1.0,
                    0.0,
                    0.0
                ],
                [
                    0.0,
                    0.0,
                    1.0,
                    0.0
                ]
            ]
        },
        {
            "imagefile": "0005.png",
            "location": [
                1.0,
                0.0,
                0.0
            ],
            "rotation": [
                0.0,
                0.0,
                0.0,
                1.0
            ],
            "M3x4": [
                [
                    1.0,
                    0.0,
                    0.0,
                    -1.0
                ],
                [
                    0.0,
                    1.0,
                    0.0,
                    0.0
                ],
                [
                    0.0,
                    0.0,
                    1.0,
                    0.0
                ]
            ]
        },
        {
            "imagefile": "0006.png",
            "location": [
                1.2000000476837158,
                0.0,
                0.0
            ],
            "rotation": [
                0.0,
                0.0,
                0.0,
                1.0
            ],
            "M3x4": [
                [
                    1.0,
                    0.0,
                    0.0,
                    -1.2000000476837158
                ],
                [
                    0.0,
                    1.0,
                    0.0,
                    0.0
                ],
                [
                    0.0,
                    0.0,
                    1.0,
                    0.0
                ]
            ]
        },
        {
            "imagefile": "0007.png",
            "location": [
                1.399999976158142,
                0.0,
                0.0
            ],
            "rotation": [
                0.0,
                0.0,
                0.0,
                1.0
            ],
            "M3x4": [
                [
                    1.0,
                    0.0,
                    0.0,
                    -1.399999976158142
                ],
                [
                    0.0,
                    1.0,
                    0.0,
                    0.0
                ],
                [
                    0.0,
                    0.0,
                    1.0,
                    0.0
                ]
            ]
        },
        {
            "imagefile": "0008.png",
            "location": [
                1.600000023841858,
                0.0,
                0.0
            ],
            "rotation": [
                0.0,
                0.0,
                0.0,
                1.0
            ],
            "M3x4": [
                [
                    1.0,
                    0.0,
                    0.0,
                    -1.600000023841858
                ],
                [
                    0.0,
                    1.0,
                    0.0,
                    0.0
                ],
                [
                    0.0,
                    0.0,
                    1.0,
                    0.0
                ]
            ]
        },
        {
            "imagefile": "0009.png",
            "location": [
                1.7999999523162842,
                0.0,
                0.0
            ],
            "rotation": [
                0.0,
                0.0,
                0.0,
                1.0
            ],
            "M3x4": [
                [
                    1.0,
                    0.0,
                    0.0,
                    -1.7999999523162842
                ],
                [
                    0.0,
                    1.0,
                    0.0,
                    0.0
                ],
                [
                    0.0,
                    0.0,
                    1.0,
                    0.0
                ]
            ]
        },
        {
            "imagefile": "0010.png",
            "location": [
                2.0,
                0.0,
                0.0
            ],
            "rotation": [
                0.0,
                0.0,
                0.0,
                1.0
            ],